<?xml version="1.0" encoding="UTF-8"?><ImplementationGuide xmlns="http://hl7.org/fhir"><id value="hl7.cql"/><text><status value="extensions"/><div xmlns="http://www.w3.org/1999/xhtml"><h2>CQL</h2><p>The official URL for this implementation guide is: </p><pre>http://cql.hl7.org/ImplementationGuide/hl7.cql</pre></div></text><url value="http://cql.hl7.org/ImplementationGuide/hl7.cql"/><version value="1.5.2"/><name value="CQL"/><title value="Clinical Quality Language Specification"/><status value="active"/><experimental value="false"/><date value="2023-01-20T11:08:27+11:00"/><publisher value="Clinical Decision Support WG"/><contact><telecom><system value="url"/><value value="http://www.hl7.org/Special/committees/dss/index.cfm"/></telecom></contact><packageId value="hl7.cql"/><license value="CC0-1.0"/><fhirVersion value="4.0.1"/><definition><resource><extension url="http://hl7.org/fhir/StructureDefinition/implementationguide-page"><valueUri value="Binary-binary-cql-grammar.html"/></extension><reference><reference value="Binary/binary-cql-grammar"/></reference></resource><resource><extension url="http://hl7.org/fhir/StructureDefinition/implementationguide-page"><valueUri value="Binary-binary-example-chlamydiascreening-cds-annotated-json.html"/></extension><reference><reference value="Binary/binary-example-chlamydiascreening-cds-annotated-json"/></reference></resource><resource><extension url="http://hl7.org/fhir/StructureDefinition/implementationguide-page"><valueUri value="Binary-binary-example-chlamydiascreening-cds-annotated-xml.html"/></extension><reference><reference value="Binary/binary-example-chlamydiascreening-cds-annotated-xml"/></reference></resource><resource><extension url="http://hl7.org/fhir/StructureDefinition/implementationguide-page"><valueUri value="Binary-binary-example-chlamydiascreening-cds-cql.html"/></extension><reference><reference value="Binary/binary-example-chlamydiascreening-cds-cql"/></reference></resource><resource><extension url="http://hl7.org/fhir/StructureDefinition/implementationguide-page"><valueUri value="Binary-binary-example-chlamydiascreening-cds-debug-json.html"/></extension><reference><reference value="Binary/binary-example-chlamydiascreening-cds-debug-json"/></reference></resource><resource><extension url="http://hl7.org/fhir/StructureDefinition/implementationguide-page"><valueUri value="Binary-binary-example-chlamydiascreening-cds-debug-xml.html"/></extension><reference><reference value="Binary/binary-example-chlamydiascreening-cds-debug-xml"/></reference></resource><resource><extension url="http://hl7.org/fhir/StructureDefinition/implementationguide-page"><valueUri value="Binary-binary-example-chlamydiascreening-cds-json.html"/></extension><reference><reference value="Binary/binary-example-chlamydiascreening-cds-json"/></reference></resource><resource><extension url="http://hl7.org/fhir/StructureDefinition/implementationguide-page"><valueUri value="Binary-binary-example-chlamydiascreening-cds-usingcommon-cql.html"/></extension><reference><reference value="Binary/binary-example-chlamydiascreening-cds-usingcommon-cql"/></reference></resource><resource><extension url="http://hl7.org/fhir/StructureDefinition/implementationguide-page"><valueUri value="Binary-binary-example-chlamydiascreening-cds-usingcommon-json.html"/></extension><reference><reference value="Binary/binary-example-chlamydiascreening-cds-usingcommon-json"/></reference></resource><resource><extension url="http://hl7.org/fhir/StructureDefinition/implementationguide-page"><valueUri value="Binary-binary-example-chlamydiascreening-cds-usingcommon-xml.html"/></extension><reference><reference value="Binary/binary-example-chlamydiascreening-cds-usingcommon-xml"/></reference></resource><resource><extension url="http://hl7.org/fhir/StructureDefinition/implementationguide-page"><valueUri value="Binary-binary-example-chlamydiascreening-cds-xml.html"/></extension><reference><reference value="Binary/binary-example-chlamydiascreening-cds-xml"/></reference></resource><resource><extension url="http://hl7.org/fhir/StructureDefinition/implementationguide-page"><valueUri value="Binary-binary-example-chlamydiascreening-common-cql.html"/></extension><reference><reference value="Binary/binary-example-chlamydiascreening-common-cql"/></reference></resource><resource><extension url="http://hl7.org/fhir/StructureDefinition/implementationguide-page"><valueUri value="Binary-binary-example-chlamydiascreening-common-json.html"/></extension><reference><reference value="Binary/binary-example-chlamydiascreening-common-json"/></reference></resource><resource><extension url="http://hl7.org/fhir/StructureDefinition/implementationguide-page"><valueUri value="Binary-binary-example-chlamydiascreening-common-xml.html"/></extension><reference><reference value="Binary/binary-example-chlamydiascreening-common-xml"/></reference></resource><resource><extension url="http://hl7.org/fhir/StructureDefinition/implementationguide-page"><valueUri value="Binary-binary-example-chlamydiascreening-cqm-cql.html"/></extension><reference><reference value="Binary/binary-example-chlamydiascreening-cqm-cql"/></reference></resource><resource><extension url="http://hl7.org/fhir/StructureDefinition/implementationguide-page"><valueUri value="Binary-binary-example-chlamydiascreening-cqm-json.html"/></extension><reference><reference value="Binary/binary-example-chlamydiascreening-cqm-json"/></reference></resource><resource><extension url="http://hl7.org/fhir/StructureDefinition/implementationguide-page"><valueUri value="Binary-binary-example-chlamydiascreening-cqm-usingcommon-cql.html"/></extension><reference><reference value="Binary/binary-example-chlamydiascreening-cqm-usingcommon-cql"/></reference></resource><resource><extension url="http://hl7.org/fhir/StructureDefinition/implementationguide-page"><valueUri value="Binary-binary-example-chlamydiascreening-cqm-usingcommon-json.html"/></extension><reference><reference value="Binary/binary-example-chlamydiascreening-cqm-usingcommon-json"/></reference></resource><resource><extension url="http://hl7.org/fhir/StructureDefinition/implementationguide-page"><valueUri value="Binary-binary-example-chlamydiascreening-cqm-usingcommon-xml.html"/></extension><reference><reference value="Binary/binary-example-chlamydiascreening-cqm-usingcommon-xml"/></reference></resource><resource><extension url="http://hl7.org/fhir/StructureDefinition/implementationguide-page"><valueUri value="Binary-binary-example-chlamydiascreening-cqm-xml.html"/></extension><reference><reference value="Binary/binary-example-chlamydiascreening-cqm-xml"/></reference></resource><resource><extension url="http://hl7.org/fhir/StructureDefinition/implementationguide-page"><valueUri value="Binary-binary-example-cms135-qdm-cql.html"/></extension><reference><reference value="Binary/binary-example-cms135-qdm-cql"/></reference></resource><resource><extension url="http://hl7.org/fhir/StructureDefinition/implementationguide-page"><valueUri value="Binary-binary-example-cms135-qdm-json.html"/></extension><reference><reference value="Binary/binary-example-cms135-qdm-json"/></reference></resource><resource><extension url="http://hl7.org/fhir/StructureDefinition/implementationguide-page"><valueUri value="Binary-binary-example-cms135-qdm-xml.html"/></extension><reference><reference value="Binary/binary-example-cms135-qdm-xml"/></reference></resource><resource><extension url="http://hl7.org/fhir/StructureDefinition/implementationguide-page"><valueUri value="Binary-binary-example-cms146v2-cqm-cql.html"/></extension><reference><reference value="Binary/binary-example-cms146v2-cqm-cql"/></reference></resource><resource><extension url="http://hl7.org/fhir/StructureDefinition/implementationguide-page"><valueUri value="Binary-binary-example-cms146v2-cqm-json.html"/></extension><reference><reference value="Binary/binary-example-cms146v2-cqm-json"/></reference></resource><resource><extension url="http://hl7.org/fhir/StructureDefinition/implementationguide-page"><valueUri value="Binary-binary-example-cms146v2-cqm-xml.html"/></extension><reference><reference value="Binary/binary-example-cms146v2-cqm-xml"/></reference></resource><resource><extension url="http://hl7.org/fhir/StructureDefinition/implementationguide-page"><valueUri value="Binary-binary-example-cms146v2-qdm-cql.html"/></extension><reference><reference value="Binary/binary-example-cms146v2-qdm-cql"/></reference></resource><resource><extension url="http://hl7.org/fhir/StructureDefinition/implementationguide-page"><valueUri value="Binary-binary-example-cms146v2-qdm-json.html"/></extension><reference><reference value="Binary/binary-example-cms146v2-qdm-json"/></reference></resource><resource><extension url="http://hl7.org/fhir/StructureDefinition/implementationguide-page"><valueUri value="Binary-binary-example-cms146v2-qdm-xml.html"/></extension><reference><reference value="Binary/binary-example-cms146v2-qdm-xml"/></reference></resource><resource><extension url="http://hl7.org/fhir/StructureDefinition/implementationguide-page"><valueUri value="Binary-binary-example-cms154v1-nqf0069-cql.html"/></extension><reference><reference value="Binary/binary-example-cms154v1-nqf0069-cql"/></reference></resource><resource><extension url="http://hl7.org/fhir/StructureDefinition/implementationguide-page"><valueUri value="Binary-binary-example-cms154v1-nqf0069-json.html"/></extension><reference><reference value="Binary/binary-example-cms154v1-nqf0069-json"/></reference></resource><resource><extension url="http://hl7.org/fhir/StructureDefinition/implementationguide-page"><valueUri value="Binary-binary-example-cms154v1-nqf0069-xml.html"/></extension><reference><reference value="Binary/binary-example-cms154v1-nqf0069-xml"/></reference></resource><resource><extension url="http://hl7.org/fhir/StructureDefinition/implementationguide-page"><valueUri value="Binary-binary-example-cms179v2-cqm-cql.html"/></extension><reference><reference value="Binary/binary-example-cms179v2-cqm-cql"/></reference></resource><resource><extension url="http://hl7.org/fhir/StructureDefinition/implementationguide-page"><valueUri value="Binary-binary-example-cms179v2-cqm-json.html"/></extension><reference><reference value="Binary/binary-example-cms179v2-cqm-json"/></reference></resource><resource><extension url="http://hl7.org/fhir/StructureDefinition/implementationguide-page"><valueUri value="Binary-binary-example-cms179v2-cqm-xml.html"/></extension><reference><reference value="Binary/binary-example-cms179v2-cqm-xml"/></reference></resource><resource><extension url="http://hl7.org/fhir/StructureDefinition/implementationguide-page"><valueUri value="Binary-binary-example-cms179v2-qdm-cql.html"/></extension><reference><reference value="Binary/binary-example-cms179v2-qdm-cql"/></reference></resource><resource><extension url="http://hl7.org/fhir/StructureDefinition/implementationguide-page"><valueUri value="Binary-binary-example-cms179v2-qdm-json.html"/></extension><reference><reference value="Binary/binary-example-cms179v2-qdm-json"/></reference></resource><resource><extension url="http://hl7.org/fhir/StructureDefinition/implementationguide-page"><valueUri value="Binary-binary-example-cms179v2-qdm-xml.html"/></extension><reference><reference value="Binary/binary-example-cms179v2-qdm-xml"/></reference></resource><resource><extension url="http://hl7.org/fhir/StructureDefinition/implementationguide-page"><valueUri value="Binary-binary-example-cms26v2-cqm-cql.html"/></extension><reference><reference value="Binary/binary-example-cms26v2-cqm-cql"/></reference></resource><resource><extension url="http://hl7.org/fhir/StructureDefinition/implementationguide-page"><valueUri value="Binary-binary-example-cms26v2-cqm-json.html"/></extension><reference><reference value="Binary/binary-example-cms26v2-cqm-json"/></reference></resource><resource><extension url="http://hl7.org/fhir/StructureDefinition/implementationguide-page"><valueUri value="Binary-binary-example-cms26v2-cqm-xml.html"/></extension><reference><reference value="Binary/binary-example-cms26v2-cqm-xml"/></reference></resource><resource><extension url="http://hl7.org/fhir/StructureDefinition/implementationguide-page"><valueUri value="Binary-binary-example-cms55v1-nqf0495-cql.html"/></extension><reference><reference value="Binary/binary-example-cms55v1-nqf0495-cql"/></reference></resource><resource><extension url="http://hl7.org/fhir/StructureDefinition/implementationguide-page"><valueUri value="Binary-binary-example-cms55v1-nqf0495-json.html"/></extension><reference><reference value="Binary/binary-example-cms55v1-nqf0495-json"/></reference></resource><resource><extension url="http://hl7.org/fhir/StructureDefinition/implementationguide-page"><valueUri value="Binary-binary-example-cms55v1-nqf0495-xml.html"/></extension><reference><reference value="Binary/binary-example-cms55v1-nqf0495-xml"/></reference></resource><resource><extension url="http://hl7.org/fhir/StructureDefinition/implementationguide-page"><valueUri value="Binary-binary-example-cms55v1-qdm-cql.html"/></extension><reference><reference value="Binary/binary-example-cms55v1-qdm-cql"/></reference></resource><resource><extension url="http://hl7.org/fhir/StructureDefinition/implementationguide-page"><valueUri value="Binary-binary-example-cms55v1-qdm-xml.html"/></extension><reference><reference value="Binary/binary-example-cms55v1-qdm-xml"/></reference></resource><resource><extension url="http://hl7.org/fhir/StructureDefinition/implementationguide-page"><valueUri value="Binary-binary-example-example.relatedcontextretrieve-0.1.0-cql.html"/></extension><reference><reference value="Binary/binary-example-example.relatedcontextretrieve-0.1.0-cql"/></reference></resource><resource><extension url="http://hl7.org/fhir/StructureDefinition/implementationguide-page"><valueUri value="Binary-binary-example-example.relatedcontextretrieve-0.1.0-json.html"/></extension><reference><reference value="Binary/binary-example-example.relatedcontextretrieve-0.1.0-json"/></reference></resource><resource><extension url="http://hl7.org/fhir/StructureDefinition/implementationguide-page"><valueUri value="Binary-binary-example-example.relatedcontextretrieve-0.1.0-xml.html"/></extension><reference><reference value="Binary/binary-example-example.relatedcontextretrieve-0.1.0-xml"/></reference></resource><resource><extension url="http://hl7.org/fhir/StructureDefinition/implementationguide-page"><valueUri value="Binary-binary-fhirpath-grammar.html"/></extension><reference><reference value="Binary/binary-fhirpath-grammar"/></reference></resource><resource><extension url="http://hl7.org/fhir/StructureDefinition/implementationguide-page"><valueUri value="Binary-binary-schema-clinicalexpression.html"/></extension><reference><reference value="Binary/binary-schema-clinicalexpression"/></reference></resource><resource><extension url="http://hl7.org/fhir/StructureDefinition/implementationguide-page"><valueUri value="Binary-binary-schema-cqlannotations.html"/></extension><reference><reference value="Binary/binary-schema-cqlannotations"/></reference></resource><resource><extension url="http://hl7.org/fhir/StructureDefinition/implementationguide-page"><valueUri value="Binary-binary-schema-expression.html"/></extension><reference><reference value="Binary/binary-schema-expression"/></reference></resource><resource><extension url="http://hl7.org/fhir/StructureDefinition/implementationguide-page"><valueUri value="Binary-binary-schema-library.html"/></extension><reference><reference value="Binary/binary-schema-library"/></reference></resource><resource><extension url="http://hl7.org/fhir/StructureDefinition/implementationguide-page"><valueUri value="Binary-binary-schema-modelinfo.html"/></extension><reference><reference value="Binary/binary-schema-modelinfo"/></reference></resource><resource><extension url="http://hl7.org/fhir/StructureDefinition/implementationguide-page"><valueUri value="Binary-binary-schema-testschema.html"/></extension><reference><reference value="Binary/binary-schema-testschema"/></reference></resource><resource><extension url="http://hl7.org/fhir/StructureDefinition/implementationguide-page"><valueUri value="Binary-binary-schema-types.html"/></extension><reference><reference value="Binary/binary-schema-types"/></reference></resource><resource><extension url="http://hl7.org/fhir/StructureDefinition/implementationguide-page"><valueUri value="Binary-binary-test-cqlaggregatefunctionstest.html"/></extension><reference><reference value="Binary/binary-test-cqlaggregatefunctionstest"/></reference></resource><resource><extension url="http://hl7.org/fhir/StructureDefinition/implementationguide-page"><valueUri value="Binary-binary-test-cqlarithmeticfunctionstest.html"/></extension><reference><reference value="Binary/binary-test-cqlarithmeticfunctionstest"/></reference></resource><resource><extension url="http://hl7.org/fhir/StructureDefinition/implementationguide-page"><valueUri value="Binary-binary-test-cqlcomparisonoperatorstest.html"/></extension><reference><reference value="Binary/binary-test-cqlcomparisonoperatorstest"/></reference></resource><resource><extension url="http://hl7.org/fhir/StructureDefinition/implementationguide-page"><valueUri value="Binary-binary-test-cqlconditionaloperatorstest.html"/></extension><reference><reference value="Binary/binary-test-cqlconditionaloperatorstest"/></reference></resource><resource><extension url="http://hl7.org/fhir/StructureDefinition/implementationguide-page"><valueUri value="Binary-binary-test-cqldatetimeoperatorstest.html"/></extension><reference><reference value="Binary/binary-test-cqldatetimeoperatorstest"/></reference></resource><resource><extension url="http://hl7.org/fhir/StructureDefinition/implementationguide-page"><valueUri value="Binary-binary-test-cqlerrorsandmessagingoperatorstest.html"/></extension><reference><reference value="Binary/binary-test-cqlerrorsandmessagingoperatorstest"/></reference></resource><resource><extension url="http://hl7.org/fhir/StructureDefinition/implementationguide-page"><valueUri value="Binary-binary-test-cqlintervaloperatorstest.html"/></extension><reference><reference value="Binary/binary-test-cqlintervaloperatorstest"/></reference></resource><resource><extension url="http://hl7.org/fhir/StructureDefinition/implementationguide-page"><valueUri value="Binary-binary-test-cqllistoperatorstest.html"/></extension><reference><reference value="Binary/binary-test-cqllistoperatorstest"/></reference></resource><resource><extension url="http://hl7.org/fhir/StructureDefinition/implementationguide-page"><valueUri value="Binary-binary-test-cqllogicaloperatorstest.html"/></extension><reference><reference value="Binary/binary-test-cqllogicaloperatorstest"/></reference></resource><resource><extension url="http://hl7.org/fhir/StructureDefinition/implementationguide-page"><valueUri value="Binary-binary-test-cqlnullologicaloperatorstest.html"/></extension><reference><reference value="Binary/binary-test-cqlnullologicaloperatorstest"/></reference></resource><resource><extension url="http://hl7.org/fhir/StructureDefinition/implementationguide-page"><valueUri value="Binary-binary-test-cqlstringoperatorstest.html"/></extension><reference><reference value="Binary/binary-test-cqlstringoperatorstest"/></reference></resource><resource><extension url="http://hl7.org/fhir/StructureDefinition/implementationguide-page"><valueUri value="Binary-binary-test-cqltypeoperatorstest.html"/></extension><reference><reference value="Binary/binary-test-cqltypeoperatorstest"/></reference></resource><resource><extension url="http://hl7.org/fhir/StructureDefinition/implementationguide-page"><valueUri value="Binary-binary-test-cqltypestest.html"/></extension><reference><reference value="Binary/binary-test-cqltypestest"/></reference></resource><resource><extension url="http://hl7.org/fhir/StructureDefinition/implementationguide-page"><valueUri value="Binary-binary-test-valueliteralsandselectors.html"/></extension><reference><reference value="Binary/binary-test-valueliteralsandselectors"/></reference></resource><page><extension url="http://hl7.org/fhir/tools/StructureDefinition/ig-page-name"><valueUrl value="index.html"/></extension><nameUrl value="index.html"/><title value="CQL Specification"/><generation value="html"/></page></definition></ImplementationGuide>