{"resourceType":"ImplementationGuide","id":"hl7.cql","text":{"status":"extensions","div":"<div xmlns=\"http://www.w3.org/1999/xhtml\"><h2>CQL</h2><p>The official URL for this implementation guide is: </p><pre>http://cql.hl7.org/ImplementationGuide/hl7.cql</pre></div>"},"url":"http://cql.hl7.org/ImplementationGuide/hl7.cql","version":"1.5.2","name":"CQL","title":"Clinical Quality Language Specification","status":"active","experimental":false,"date":"2023-01-20T11:08:27+11:00","publisher":"Clinical Decision Support WG","contact":[{"telecom":[{"system":"url","value":"http://www.hl7.org/Special/committees/dss/index.cfm"}]}],"packageId":"hl7.cql","license":"CC0-1.0","fhirVersion":["4.0.1"],"definition":{"resource":[{"extension":[{"url":"http://hl7.org/fhir/StructureDefinition/implementationguide-page","valueUri":"Binary-binary-cql-grammar.html"}],"reference":{"reference":"Binary/binary-cql-grammar"}},{"extension":[{"url":"http://hl7.org/fhir/StructureDefinition/implementationguide-page","valueUri":"Binary-binary-example-chlamydiascreening-cds-annotated-json.html"}],"reference":{"reference":"Binary/binary-example-chlamydiascreening-cds-annotated-json"}},{"extension":[{"url":"http://hl7.org/fhir/StructureDefinition/implementationguide-page","valueUri":"Binary-binary-example-chlamydiascreening-cds-annotated-xml.html"}],"reference":{"reference":"Binary/binary-example-chlamydiascreening-cds-annotated-xml"}},{"extension":[{"url":"http://hl7.org/fhir/StructureDefinition/implementationguide-page","valueUri":"Binary-binary-example-chlamydiascreening-cds-cql.html"}],"reference":{"reference":"Binary/binary-example-chlamydiascreening-cds-cql"}},{"extension":[{"url":"http://hl7.org/fhir/StructureDefinition/implementationguide-page","valueUri":"Binary-binary-example-chlamydiascreening-cds-debug-json.html"}],"reference":{"reference":"Binary/binary-example-chlamydiascreening-cds-debug-json"}},{"extension":[{"url":"http://hl7.org/fhir/StructureDefinition/implementationguide-page","valueUri":"Binary-binary-example-chlamydiascreening-cds-debug-xml.html"}],"reference":{"reference":"Binary/binary-example-chlamydiascreening-cds-debug-xml"}},{"extension":[{"url":"http://hl7.org/fhir/StructureDefinition/implementationguide-page","valueUri":"Binary-binary-example-chlamydiascreening-cds-json.html"}],"reference":{"reference":"Binary/binary-example-chlamydiascreening-cds-json"}},{"extension":[{"url":"http://hl7.org/fhir/StructureDefinition/implementationguide-page","valueUri":"Binary-binary-example-chlamydiascreening-cds-usingcommon-cql.html"}],"reference":{"reference":"Binary/binary-example-chlamydiascreening-cds-usingcommon-cql"}},{"extension":[{"url":"http://hl7.org/fhir/StructureDefinition/implementationguide-page","valueUri":"Binary-binary-example-chlamydiascreening-cds-usingcommon-json.html"}],"reference":{"reference":"Binary/binary-example-chlamydiascreening-cds-usingcommon-json"}},{"extension":[{"url":"http://hl7.org/fhir/StructureDefinition/implementationguide-page","valueUri":"Binary-binary-example-chlamydiascreening-cds-usingcommon-xml.html"}],"reference":{"reference":"Binary/binary-example-chlamydiascreening-cds-usingcommon-xml"}},{"extension":[{"url":"http://hl7.org/fhir/StructureDefinition/implementationguide-page","valueUri":"Binary-binary-example-chlamydiascreening-cds-xml.html"}],"reference":{"reference":"Binary/binary-example-chlamydiascreening-cds-xml"}},{"extension":[{"url":"http://hl7.org/fhir/StructureDefinition/implementationguide-page","valueUri":"Binary-binary-example-chlamydiascreening-common-cql.html"}],"reference":{"reference":"Binary/binary-example-chlamydiascreening-common-cql"}},{"extension":[{"url":"http://hl7.org/fhir/StructureDefinition/implementationguide-page","valueUri":"Binary-binary-example-chlamydiascreening-common-json.html"}],"reference":{"reference":"Binary/binary-example-chlamydiascreening-common-json"}},{"extension":[{"url":"http://hl7.org/fhir/StructureDefinition/implementationguide-page","valueUri":"Binary-binary-example-chlamydiascreening-common-xml.html"}],"reference":{"reference":"Binary/binary-example-chlamydiascreening-common-xml"}},{"extension":[{"url":"http://hl7.org/fhir/StructureDefinition/implementationguide-page","valueUri":"Binary-binary-example-chlamydiascreening-cqm-cql.html"}],"reference":{"reference":"Binary/binary-example-chlamydiascreening-cqm-cql"}},{"extension":[{"url":"http://hl7.org/fhir/StructureDefinition/implementationguide-page","valueUri":"Binary-binary-example-chlamydiascreening-cqm-json.html"}],"reference":{"reference":"Binary/binary-example-chlamydiascreening-cqm-json"}},{"extension":[{"url":"http://hl7.org/fhir/StructureDefinition/implementationguide-page","valueUri":"Binary-binary-example-chlamydiascreening-cqm-usingcommon-cql.html"}],"reference":{"reference":"Binary/binary-example-chlamydiascreening-cqm-usingcommon-cql"}},{"extension":[{"url":"http://hl7.org/fhir/StructureDefinition/implementationguide-page","valueUri":"Binary-binary-example-chlamydiascreening-cqm-usingcommon-json.html"}],"reference":{"reference":"Binary/binary-example-chlamydiascreening-cqm-usingcommon-json"}},{"extension":[{"url":"http://hl7.org/fhir/StructureDefinition/implementationguide-page","valueUri":"Binary-binary-example-chlamydiascreening-cqm-usingcommon-xml.html"}],"reference":{"reference":"Binary/binary-example-chlamydiascreening-cqm-usingcommon-xml"}},{"extension":[{"url":"http://hl7.org/fhir/StructureDefinition/implementationguide-page","valueUri":"Binary-binary-example-chlamydiascreening-cqm-xml.html"}],"reference":{"reference":"Binary/binary-example-chlamydiascreening-cqm-xml"}},{"extension":[{"url":"http://hl7.org/fhir/StructureDefinition/implementationguide-page","valueUri":"Binary-binary-example-cms135-qdm-cql.html"}],"reference":{"reference":"Binary/binary-example-cms135-qdm-cql"}},{"extension":[{"url":"http://hl7.org/fhir/StructureDefinition/implementationguide-page","valueUri":"Binary-binary-example-cms135-qdm-json.html"}],"reference":{"reference":"Binary/binary-example-cms135-qdm-json"}},{"extension":[{"url":"http://hl7.org/fhir/StructureDefinition/implementationguide-page","valueUri":"Binary-binary-example-cms135-qdm-xml.html"}],"reference":{"reference":"Binary/binary-example-cms135-qdm-xml"}},{"extension":[{"url":"http://hl7.org/fhir/StructureDefinition/implementationguide-page","valueUri":"Binary-binary-example-cms146v2-cqm-cql.html"}],"reference":{"reference":"Binary/binary-example-cms146v2-cqm-cql"}},{"extension":[{"url":"http://hl7.org/fhir/StructureDefinition/implementationguide-page","valueUri":"Binary-binary-example-cms146v2-cqm-json.html"}],"reference":{"reference":"Binary/binary-example-cms146v2-cqm-json"}},{"extension":[{"url":"http://hl7.org/fhir/StructureDefinition/implementationguide-page","valueUri":"Binary-binary-example-cms146v2-cqm-xml.html"}],"reference":{"reference":"Binary/binary-example-cms146v2-cqm-xml"}},{"extension":[{"url":"http://hl7.org/fhir/StructureDefinition/implementationguide-page","valueUri":"Binary-binary-example-cms146v2-qdm-cql.html"}],"reference":{"reference":"Binary/binary-example-cms146v2-qdm-cql"}},{"extension":[{"url":"http://hl7.org/fhir/StructureDefinition/implementationguide-page","valueUri":"Binary-binary-example-cms146v2-qdm-json.html"}],"reference":{"reference":"Binary/binary-example-cms146v2-qdm-json"}},{"extension":[{"url":"http://hl7.org/fhir/StructureDefinition/implementationguide-page","valueUri":"Binary-binary-example-cms146v2-qdm-xml.html"}],"reference":{"reference":"Binary/binary-example-cms146v2-qdm-xml"}},{"extension":[{"url":"http://hl7.org/fhir/StructureDefinition/implementationguide-page","valueUri":"Binary-binary-example-cms154v1-nqf0069-cql.html"}],"reference":{"reference":"Binary/binary-example-cms154v1-nqf0069-cql"}},{"extension":[{"url":"http://hl7.org/fhir/StructureDefinition/implementationguide-page","valueUri":"Binary-binary-example-cms154v1-nqf0069-json.html"}],"reference":{"reference":"Binary/binary-example-cms154v1-nqf0069-json"}},{"extension":[{"url":"http://hl7.org/fhir/StructureDefinition/implementationguide-page","valueUri":"Binary-binary-example-cms154v1-nqf0069-xml.html"}],"reference":{"reference":"Binary/binary-example-cms154v1-nqf0069-xml"}},{"extension":[{"url":"http://hl7.org/fhir/StructureDefinition/implementationguide-page","valueUri":"Binary-binary-example-cms179v2-cqm-cql.html"}],"reference":{"reference":"Binary/binary-example-cms179v2-cqm-cql"}},{"extension":[{"url":"http://hl7.org/fhir/StructureDefinition/implementationguide-page","valueUri":"Binary-binary-example-cms179v2-cqm-json.html"}],"reference":{"reference":"Binary/binary-example-cms179v2-cqm-json"}},{"extension":[{"url":"http://hl7.org/fhir/StructureDefinition/implementationguide-page","valueUri":"Binary-binary-example-cms179v2-cqm-xml.html"}],"reference":{"reference":"Binary/binary-example-cms179v2-cqm-xml"}},{"extension":[{"url":"http://hl7.org/fhir/StructureDefinition/implementationguide-page","valueUri":"Binary-binary-example-cms179v2-qdm-cql.html"}],"reference":{"reference":"Binary/binary-example-cms179v2-qdm-cql"}},{"extension":[{"url":"http://hl7.org/fhir/StructureDefinition/implementationguide-page","valueUri":"Binary-binary-example-cms179v2-qdm-json.html"}],"reference":{"reference":"Binary/binary-example-cms179v2-qdm-json"}},{"extension":[{"url":"http://hl7.org/fhir/StructureDefinition/implementationguide-page","valueUri":"Binary-binary-example-cms179v2-qdm-xml.html"}],"reference":{"reference":"Binary/binary-example-cms179v2-qdm-xml"}},{"extension":[{"url":"http://hl7.org/fhir/StructureDefinition/implementationguide-page","valueUri":"Binary-binary-example-cms26v2-cqm-cql.html"}],"reference":{"reference":"Binary/binary-example-cms26v2-cqm-cql"}},{"extension":[{"url":"http://hl7.org/fhir/StructureDefinition/implementationguide-page","valueUri":"Binary-binary-example-cms26v2-cqm-json.html"}],"reference":{"reference":"Binary/binary-example-cms26v2-cqm-json"}},{"extension":[{"url":"http://hl7.org/fhir/StructureDefinition/implementationguide-page","valueUri":"Binary-binary-example-cms26v2-cqm-xml.html"}],"reference":{"reference":"Binary/binary-example-cms26v2-cqm-xml"}},{"extension":[{"url":"http://hl7.org/fhir/StructureDefinition/implementationguide-page","valueUri":"Binary-binary-example-cms55v1-nqf0495-cql.html"}],"reference":{"reference":"Binary/binary-example-cms55v1-nqf0495-cql"}},{"extension":[{"url":"http://hl7.org/fhir/StructureDefinition/implementationguide-page","valueUri":"Binary-binary-example-cms55v1-nqf0495-json.html"}],"reference":{"reference":"Binary/binary-example-cms55v1-nqf0495-json"}},{"extension":[{"url":"http://hl7.org/fhir/StructureDefinition/implementationguide-page","valueUri":"Binary-binary-example-cms55v1-nqf0495-xml.html"}],"reference":{"reference":"Binary/binary-example-cms55v1-nqf0495-xml"}},{"extension":[{"url":"http://hl7.org/fhir/StructureDefinition/implementationguide-page","valueUri":"Binary-binary-example-cms55v1-qdm-cql.html"}],"reference":{"reference":"Binary/binary-example-cms55v1-qdm-cql"}},{"extension":[{"url":"http://hl7.org/fhir/StructureDefinition/implementationguide-page","valueUri":"Binary-binary-example-cms55v1-qdm-xml.html"}],"reference":{"reference":"Binary/binary-example-cms55v1-qdm-xml"}},{"extension":[{"url":"http://hl7.org/fhir/StructureDefinition/implementationguide-page","valueUri":"Binary-binary-example-example.relatedcontextretrieve-0.1.0-cql.html"}],"reference":{"reference":"Binary/binary-example-example.relatedcontextretrieve-0.1.0-cql"}},{"extension":[{"url":"http://hl7.org/fhir/StructureDefinition/implementationguide-page","valueUri":"Binary-binary-example-example.relatedcontextretrieve-0.1.0-json.html"}],"reference":{"reference":"Binary/binary-example-example.relatedcontextretrieve-0.1.0-json"}},{"extension":[{"url":"http://hl7.org/fhir/StructureDefinition/implementationguide-page","valueUri":"Binary-binary-example-example.relatedcontextretrieve-0.1.0-xml.html"}],"reference":{"reference":"Binary/binary-example-example.relatedcontextretrieve-0.1.0-xml"}},{"extension":[{"url":"http://hl7.org/fhir/StructureDefinition/implementationguide-page","valueUri":"Binary-binary-fhirpath-grammar.html"}],"reference":{"reference":"Binary/binary-fhirpath-grammar"}},{"extension":[{"url":"http://hl7.org/fhir/StructureDefinition/implementationguide-page","valueUri":"Binary-binary-schema-clinicalexpression.html"}],"reference":{"reference":"Binary/binary-schema-clinicalexpression"}},{"extension":[{"url":"http://hl7.org/fhir/StructureDefinition/implementationguide-page","valueUri":"Binary-binary-schema-cqlannotations.html"}],"reference":{"reference":"Binary/binary-schema-cqlannotations"}},{"extension":[{"url":"http://hl7.org/fhir/StructureDefinition/implementationguide-page","valueUri":"Binary-binary-schema-expression.html"}],"reference":{"reference":"Binary/binary-schema-expression"}},{"extension":[{"url":"http://hl7.org/fhir/StructureDefinition/implementationguide-page","valueUri":"Binary-binary-schema-library.html"}],"reference":{"reference":"Binary/binary-schema-library"}},{"extension":[{"url":"http://hl7.org/fhir/StructureDefinition/implementationguide-page","valueUri":"Binary-binary-schema-modelinfo.html"}],"reference":{"reference":"Binary/binary-schema-modelinfo"}},{"extension":[{"url":"http://hl7.org/fhir/StructureDefinition/implementationguide-page","valueUri":"Binary-binary-schema-testschema.html"}],"reference":{"reference":"Binary/binary-schema-testschema"}},{"extension":[{"url":"http://hl7.org/fhir/StructureDefinition/implementationguide-page","valueUri":"Binary-binary-schema-types.html"}],"reference":{"reference":"Binary/binary-schema-types"}},{"extension":[{"url":"http://hl7.org/fhir/StructureDefinition/implementationguide-page","valueUri":"Binary-binary-test-cqlaggregatefunctionstest.html"}],"reference":{"reference":"Binary/binary-test-cqlaggregatefunctionstest"}},{"extension":[{"url":"http://hl7.org/fhir/StructureDefinition/implementationguide-page","valueUri":"Binary-binary-test-cqlarithmeticfunctionstest.html"}],"reference":{"reference":"Binary/binary-test-cqlarithmeticfunctionstest"}},{"extension":[{"url":"http://hl7.org/fhir/StructureDefinition/implementationguide-page","valueUri":"Binary-binary-test-cqlcomparisonoperatorstest.html"}],"reference":{"reference":"Binary/binary-test-cqlcomparisonoperatorstest"}},{"extension":[{"url":"http://hl7.org/fhir/StructureDefinition/implementationguide-page","valueUri":"Binary-binary-test-cqlconditionaloperatorstest.html"}],"reference":{"reference":"Binary/binary-test-cqlconditionaloperatorstest"}},{"extension":[{"url":"http://hl7.org/fhir/StructureDefinition/implementationguide-page","valueUri":"Binary-binary-test-cqldatetimeoperatorstest.html"}],"reference":{"reference":"Binary/binary-test-cqldatetimeoperatorstest"}},{"extension":[{"url":"http://hl7.org/fhir/StructureDefinition/implementationguide-page","valueUri":"Binary-binary-test-cqlerrorsandmessagingoperatorstest.html"}],"reference":{"reference":"Binary/binary-test-cqlerrorsandmessagingoperatorstest"}},{"extension":[{"url":"http://hl7.org/fhir/StructureDefinition/implementationguide-page","valueUri":"Binary-binary-test-cqlintervaloperatorstest.html"}],"reference":{"reference":"Binary/binary-test-cqlintervaloperatorstest"}},{"extension":[{"url":"http://hl7.org/fhir/StructureDefinition/implementationguide-page","valueUri":"Binary-binary-test-cqllistoperatorstest.html"}],"reference":{"reference":"Binary/binary-test-cqllistoperatorstest"}},{"extension":[{"url":"http://hl7.org/fhir/StructureDefinition/implementationguide-page","valueUri":"Binary-binary-test-cqllogicaloperatorstest.html"}],"reference":{"reference":"Binary/binary-test-cqllogicaloperatorstest"}},{"extension":[{"url":"http://hl7.org/fhir/StructureDefinition/implementationguide-page","valueUri":"Binary-binary-test-cqlnullologicaloperatorstest.html"}],"reference":{"reference":"Binary/binary-test-cqlnullologicaloperatorstest"}},{"extension":[{"url":"http://hl7.org/fhir/StructureDefinition/implementationguide-page","valueUri":"Binary-binary-test-cqlstringoperatorstest.html"}],"reference":{"reference":"Binary/binary-test-cqlstringoperatorstest"}},{"extension":[{"url":"http://hl7.org/fhir/StructureDefinition/implementationguide-page","valueUri":"Binary-binary-test-cqltypeoperatorstest.html"}],"reference":{"reference":"Binary/binary-test-cqltypeoperatorstest"}},{"extension":[{"url":"http://hl7.org/fhir/StructureDefinition/implementationguide-page","valueUri":"Binary-binary-test-cqltypestest.html"}],"reference":{"reference":"Binary/binary-test-cqltypestest"}},{"extension":[{"url":"http://hl7.org/fhir/StructureDefinition/implementationguide-page","valueUri":"Binary-binary-test-valueliteralsandselectors.html"}],"reference":{"reference":"Binary/binary-test-valueliteralsandselectors"}}],"page":{"extension":[{"url":"http://hl7.org/fhir/tools/StructureDefinition/ig-page-name","valueUrl":"index.html"}],"nameUrl":"index.html","title":"CQL Specification","generation":"html"}}}